{"cameraMode":{"drawMode":0,"name":"Shaded","section":"Shading Mode"},"sceneLighting":true,"audioPlay":false,"sceneViewState":{"m_AlwaysRefresh":false,"showFog":true,"showSkybox":true,"showFlares":true,"showImageEffects":true,"showParticleSystems":true,"showVisualEffectGraphs":true,"m_FxEnabled":true},"in2DMode":false,"pivot":{"x":764.8637084960938,"y":52.179901123046878,"z":1164.5042724609375},"rotation":{"x":-0.12446723133325577,"y":-0.017266511917114259,"z":0.0021662984509021045,"w":-0.9920719861984253},"size":1273.2991943359375,"orthographic":false}